"RecordID","Category","Name","Producer","Link1_Label","Link1_URL","Link2_Label","Link2_URL","Link3_Label","Link3_URL","Link4_Label","Link4_URL"
"rec2rYWn3F45nfzfI","grains","Anson Mills Antebellum Coarse Grits","","Order direct","https://ansonmills.com/products/31","","","","","",""
"rec7AWFQaiOrKtIyh","grains","Anson Mills Carolina Gold Rice","","Order direct","https://ansonmills.com/products/2","","","","","",""
"rec4Hq8snvvjjL2Jv","grains","Anson Mills Farro Piccolo (Einkorn)","","Order direct","https://ansonmills.com/products/46","","","","","",""
"recr3OtpRXo5HWCVW","grains","Anson Mills Rouge de Bordeaux Bread Flour","","Order direct","https://ansonmills.com/products/22","","","","","",""
"recY7KAbDw5kA16eI","grains","Anson Mills Stone Cut Oats","","Order direct","https://ansonmills.com/products/50","","","","","",""
"recMrMQeaxJEJjeFA","grains","Timeless Emmer Farro","","Order direct","https://timelessseeds.com/collections/shop/products/emmer-farro","","","","","",""
"recR2pVrcdToZd2L6","legumes","Ayocote Morado Bean","","Order direct","https://www.ranchogordo.com/collections/beans/products/ayocote-morado","","","","","",""
"recBYX4zBhK8CoHrm","legumes","Cassoulet (Tarbais) Bean","","Order direct","https://www.ranchogordo.com/collections/beans/products/cassoulet-bean","","","","","",""
"recyg04Zt55irfTmF","legumes","Christmas Lima Bean","","Order direct","https://www.ranchogordo.com/collections/beans/products/christmas-lima-bean","","","","","",""
"recHlHjz2U0DHsqO1","legumes","Good Mother Stallard Bean","","Order direct","https://www.ranchogordo.com/collections/beans/products/good-mother-stallard-bean","","","","","",""
"recGpTpW0oU6dHN2C","legumes","Hidatsa Red Bean","","Order direct","https://www.ranchogordo.com/collections/beans/products/hidatsa-red-bean","","","","","",""
"receLM3y40VDqCtGc","legumes","Marcella Bean","","Order direct","https://www.ranchogordo.com/collections/beans/products/marcella-bean","","","","","",""
"recY40IMpS83fZaEA","legumes","Rio Zape Bean","","Order direct","https://www.ranchogordo.com/collections/beans/products/rio-zape-bean","","","","","",""
"recZxDiZNavTV4oLQ","legumes","Royal Corona Bean","","Order direct","https://www.ranchogordo.com/collections/beans/products/royal-corona-bean","","","","","",""
"recuGl05gffMpyCiU","legumes","Scarlet Runner Bean","","Order direct","https://www.ranchogordo.com/collections/beans/products/scarlet-runner-bean","","","","","",""
"recnwRYnBubZnk41H","legumes","Timeless Black Beluga Lentils","","Order direct","https://timelessseeds.com/collections/shop/products/black-beluga-lentils","","","","","",""
"recly8CHrbMyEBeab","legumes","Timeless Crimson Lentils","","Order direct","https://timelessseeds.com/collections/shop/products/crimson-lentils","","","","","",""
"recH6UzzWHHIr7t6i","legumes","Timeless French Green Lentils","","Order direct","https://timelessseeds.com/collections/shop/products/french-green-lentils","","","","","",""
"recX4IhrK4Hqh02J6","legumes","Timeless Pardina Lentils","","Order direct","https://timelessseeds.com/collections/shop/products/pardina-lentils","","","","","",""
"recXqnMiBRxnTZ4fH","legumes","Yellow Eye Bean","","Order direct","https://www.ranchogordo.com/collections/beans/products/yellow-eye-bean","","","","","",""
"recIZInMYS1g1jbiE","lna","BREZ Flow Functional Mushroom Drink","","Order direct","https://drinkbrez.com","","","","","",""
"recQN5llWKjs5PSnz","lna","Collective Arts Surreal Perpetual Paloma","","Order direct","https://collectiveartsbrewing.com","","","","","",""
"recvAch4joDSdMFb8","lna","GO Brewing Sunbeam Pils","","Order direct","https://gobrewing.com","","","","","",""
"reclGCxSXHDZhpNTq","lna","KIT NA Brewing On Your Mark Blonde","","Order direct","https://kitnabrew.com","","","","","",""
"recVAhYSyiq9jouFv","lna","Leitz Eins Zwei Zero Sparkling Rosé","","Find it","https://leitz-wein.de","","","","","",""
"recdTGA90AqJhVr6H","lna","Momentum Brewery Hazy IPA","","Find it","https://momentumbrewing.com","","","","","",""
"rec9k2WBg7r1MkfV8","lna","NON NON3 Toasted Cinnamon & Yuzu","","Order direct","https://nonwines.com","","","","","",""
"recEfa5bPGbPgQvVP","lna","Recess Zero Proof Lime Margarita","","Order direct","https://takearecess.com","","","","","",""
"recnNjXyubGpxGfwc","lna","Sober Carpenter Organic Session IPA","","Order direct","https://sobercarpenter.com","","","","","",""
"recBenYwOvvYOPaPF","lna","Woodland Farms Ruby Sour Ale","","Find it","https://woodlandfarmbrewery.com","","","","","",""
"recMs7G16C1lIJPYj","olive-oils","Arvum Vinagre Gran Reserva","","Order direct","https://arvumvinagre.com","","","","","",""
"recKb9h4pYWEGsq2Y","olive-oils","Arvum Vinagre Reserva al Moscatel","","Order direct","https://arvumvinagre.com","","","","","",""
"reccgmWKosGeKDp1N","olive-oils","Arvum Vinagre Reserva al Pedro Ximenez","","Order direct","https://arvumvinagre.com","","","","","",""
"rectE3AvcYDCQoljf","olive-oils","Ayvaco EVOO","Ayvaco","Ayvaco direct","https://www.ayvaco.com","","","","","",""
"rec49Pi1qrOdcjMAR","olive-oils","Big Tree Farms Organic Coconut Aminos Smoked","","Order direct","https://bigtreefarms.com","","","","","",""
"recmZzUsQstirxlvH","olive-oils","Bono Sicilia PGI EVOO","Bono","Bono USA","https://www.bonousainc.com","","","","","",""
"rec47eWzGJUFZk2qJ","olive-oils","Bragg Organic Liquid Aminos","","Order direct","https://bragg.com","","","","","",""
"recrz3SWZeH6b6hJp","olive-oils","Brightland Alive EVOO","Brightland","Brightland direct","https://brightland.co","","","","","",""
"recNNHMwcXKNMKKby","olive-oils","California Olive Ranch Classic EVOO","California Olive Ranch","California Olive Ranch","https://californiaoliveranch.com","","","","","",""
"recifxKbzkszlV0Ym","olive-oils","Canaan Fair Trade Organic EVOO","Canaan Fair Trade","Canaan Fair Trade","https://canaanusa.com","","","","","",""
"recSKbrlFK3cI7ZPn","olive-oils","Casa del Agua Vinagre de Jerez Reserva","","Find it","https://www.tienda.casadelagua.es","","","","","",""
"reciMDP47rNfznC2d","olive-oils","Castillo de Canena Arbequina ","Castillo de Canena","Buy","https://castillodecanena.com","","","","","",""
"recaTthFhNOB22HVi","olive-oils","Castillo de Canena Cabernet Sauvignon Vinegar","","Order direct","https://castillodecanena.com","","","","","",""
"recgOaJT6tCUEIZPR","olive-oils","Castillo de Canena Smoked Arbequina","","Order direct","https://castillodecanena.com","","","","","",""
"recJ2fLVJy9O1nD3A","olive-oils","Citizens of Soil EVOO","Citizens of Soil","Citizens of Soil","https://www.citizensofsoil.com","","","","","",""
"rec0AEU4pRm74s4il","olive-oils","Clearspring Organic Japanese Tamari","","Order direct","https://www.clearspring.co.uk","","","","","",""
"recpNqUhOIGWY5PKz","olive-oils","Cobram Estate Classic EVOO","Cobram Estate","Cobram Estate","https://cobramestate.com","","","","","",""
"recu31RG86Wjn4YYE","olive-oils","Coconut Secret Organic Coconut Aminos","","Order direct","https://coconutsecret.com","","","","","",""
"reccg2XnxIBL8A8Nj","olive-oils","Colonna Granverde Lemon EVOO","","Order direct","https://marinacolonna.it","","","","","",""
"recxYCkJDGCtNwgGU","olive-oils","Eden Foods Organic Shoyu","","Order direct","https://www.edenfoods.com","","","","","",""
"recCUw6o9dREOCRtF","olive-oils","Entelia Novello","","Order direct","https://enteliaoliveoil.com","","","","","",""
"recSrGdObFa88KpZT","olive-oils","Entelia Private Reserve PDO Kolymvari","","Order direct","https://enteliaoliveoil.com","","","","","",""
"recR5SblXY0BQl3Al","olive-oils","Equal Exchange Organic EVOO","Equal Exchange","Equal Exchange","https://shop.equalexchange.coop/collections/olive-oil-medjool-dates","","","","","",""
"recouYz4AE9PaC8ay","olive-oils","FIORE Artisan Olive Oils","FIORE","FIORE direct","https://www.fioreoliveoils.com","","","","","",""
"recmz8wcz8qfZxFrB","olive-oils","Frantoi Cutrera Primo Double Organic PDO Monte Iblei","","Order direct","https://frantoi-cutrera.com","","","","","",""
"recxgs04vtRtqYnS6","olive-oils","Frantoio Bonamini IGP Balsamic Vinegar of Modena Gold Label","","Order direct","https://bonamini.it","","","","","",""
"reciN9EBqLhGO0W7y","olive-oils","Frantoio Bonamini IGP Balsamic Vinegar of Modena Purple Label","","Order direct","https://bonamini.it","","","","","",""
"recTYUTZB2v4DSDpo","olive-oils","Graza Drizzle","Graza","Graza direct","https://www.graza.co","","","","","",""
"recmO3BqzFIaTiDgT","olive-oils","Graza Sizzle","Graza","Graza direct","https://www.graza.co","","","","","",""
"rec2m7DRRzAeFZWEH","olive-oils","Iannotta Organic Garlic Flavored EVOO","","Order direct","https://iannottaolio.it","","","","","",""
"recjlAtABKnEoV2iF","olive-oils","Kirkland Signature EVOO","Kirkland Signature (Costco)","Costco","https://www.costco.com","","","","","",""
"recGtNdqdEbOSgnmt","olive-oils","Kishibori Premium Shoyu","","Find it","https://www.thejapanstore.us","","","","","",""
"reciaENy2Dra32IwN","olive-oils","Kosterina Original EVOO","Kosterina","Kosterina direct","https://www.kosterina.com","","","","","",""
"recHocav9bmZbisDM","olive-oils","Masseria Estate Organic EVOO","Masseria Estate","Masseria Estate","https://masseriaestate.com","","","","","",""
"recERr9EH9s894pcA","olive-oils","McEvoy Ranch Organic EVOO","McEvoy Ranch","McEvoy Ranch direct","https://www.mcevoyranch.com","","","","","",""
"recxTsO9pnAOFNJqp","olive-oils","Mussini PGI Balsamic Vinegar of Modena 4 Gold Medals","","Order direct","https://www.mussini.it","","","","","",""
"recaRFMQjgeeHdgD4","olive-oils","Mussini PGI Balsamic Vinegar of Modena 5 Gold Medals","","Order direct","https://www.mussini.it","","","","","",""
"recgMbmhoohnH1cC3","olive-oils","Mussini Saba Cooked Grape Must Condiment","","Order direct","https://www.mussini.it","","","","","",""
"recRsXctosEDYFLQX","olive-oils","Nobleza del Sur Organic Day","","Order direct","https://www.noblezadelsur.com","","","","","",""
"recFW8JPKBCgIiPrf","olive-oils","Ohsawa Organic Nama Shoyu","","Find it","https://www.goldminenaturalfoods.com","","","","","",""
"recFY4bJ9r9X9g38p","olive-oils","Oleoestepa Egregio Organic","","Order direct","https://oleoestepa.com","","","","","",""
"rec0pG0gubA9b801Y","olive-oils","Olio Guglielmi Crushed Chili Pepper EVOO","","Order direct","https://guglielmi.it","","","","","",""
"reclsDu2d7vr8eahU","olive-oils","Oro del Desierto Organic Coupage","","Order direct","https://orodeldesierto.com","","","","","",""
"rec5WyyqrNjKbDNsd","olive-oils","Oro del Desierto Organic Picual","","Order direct","https://orodeldesierto.com","","","","","",""
"recFYJLu7qssN65Nf","olive-oils","Papa Vince EVOO","Papa Vince","Papa Vince direct","https://papavince.com","","","","","",""
"recNalKZF2E8v6PxG","olive-oils","Quattrociocchi Garlic Organic Infused EVOO","","Order direct","https://www.quattrociocchi.it","","","","","",""
"recGeSYiY4luuESg8","olive-oils","Quattrociocchi Olivastro Organic","","Order direct","https://www.quattrociocchi.it","","","","","",""
"recw6jeV8mKrx8BQg","olive-oils","Quattrociocchi Peperoncino Organic Infused EVOO","","Order direct","https://www.quattrociocchi.it","","","","","",""
"recoCHZjjhPbftj9j","olive-oils","Quattrociocchi Rosemary Organic Infused EVOO","","Order direct","https://www.quattrociocchi.it","","","","","",""
"receJ0OZGL7QutCyF","olive-oils","Quattrociocchi Superbo Organic","","Order direct","https://www.quattrociocchi.it","","","","","",""
"recQ3vDM5QKOwhdbF","olive-oils","Rincón de la Subbética","","Order direct","https://rincondelasubbetica.es","","","","","",""
"recQQCp9ZYJwNCBLH","olive-oils","San-J Organic Tamari","","Order direct","https://san-j.com","","","","","",""
"recU3IuaiHPXSpXAT","olive-oils","Terra Delyssa Organic EVOO","Terra Delyssa","Terra Delyssa","https://terradelyssa.com","","","","","",""
"recDpE9nkLfL6veAs","olive-oils","Terre Francescane Black Truffle Infused EVOO","","Order direct","https://terrefrancescane.it","","","","","",""
"recOJCcFyimJGzPOs","olive-oils","Terre Francescane Lemon Infused EVOO","","Order direct","https://terrefrancescane.it","","","","","",""
"recZlVbLBmMXGo2Jq","olive-oils","Terre Francescane Peperoncino Infused EVOO","","Order direct","https://terrefrancescane.it","","","","","",""
"recZiZrBGpgJTc6hf","olive-oils","Wan Ja Shan Organic Tamari","","Order direct","https://www.wanjashan.com.tw","","","","","",""
"recOtlJIYYKeE6p6c","olive-oils","Yamasa Organic Soy Sauce","","Order direct","https://www.yamasa.com","","","","","",""
"rec50GXycOlnQRXJh","seafood","Bela Lightly Smoked Sardines in Lemon Olive Oil","Bela-Olhão","Producer direct","https://www.belabrandseafood.com/collections/sardines","Walmart","https://www.walmart.com/ip/Bela-All-Natural-Canned-Lighlty-Smoked-Sardines-in-Lemon-Flavored-Extra-Virgin-Olive-Oil-4-25-Oz/37205391","","","",""
"rec61MEuGjVDnrMaD","seafood","Bela Sardines in Extra Virgin Olive Oil","Bela-Olhão","Producer direct","https://www.belabrandseafood.com/collections/sardines","Walmart","https://www.walmart.com/ip/Bela-Olhao-Sardines-In-Olive-Oil-4-25-Oz/112966092","","","",""
"rec9pSXIPGFy9nxX4","seafood","Fishwife Smoked Atlantic Salmon","Fishwife","Producer direct","https://eatfishwife.com/collections/tinned-fish","Thrive Market","https://thrivemarket.com/brand/fishwife-tinned-seafood-co","","","",""
"recnRUogr4lR3KJHA","seafood","Ortiz Bonito del Norte Tuna in Olive Oil","Conservas Ortiz","Producer direct","https://www.conservasortiz.com/en/canned/","","","","","",""
"reckvoQUnefXRUwpn","seafood","Ortiz Cantabrian Anchovy Fillets in Olive Oil","Conservas Ortiz","Producer direct","https://www.conservasortiz.com/en/canned/","","","","","",""
"rechl2oGp1LbcOgm9","seafood","Patagonia Provisions Anchovies","Patagonia Provisions","Producer direct","https://www.patagonia.com/shop/provisions/tinned-fish/anchovies","","","","","",""
"recOEmcqFcrqtqxOp","seafood","Patagonia Provisions Mackerel","Patagonia Provisions","Producer direct","https://www.patagonia.com/shop/provisions/tinned-fish/mackerel","","","","","",""
"recPT6IaylvnVFcBM","seafood","Patagonia Provisions Wild Pink Salmon","Patagonia Provisions","Producer direct","https://www.patagonia.com/shop/provisions/tinned-fish/salmon","","","","","",""
"rectKhjNqWfeAC0oL","seafood","Vital Choice Wild Alaskan Halibut Fillets","","Order direct","https://www.vitalchoice.com/product/wild-alaskan-halibut-fillets","","","","","",""
"recAhS24bv1VewIV7","seafood","Vital Choice Wild Alaskan Sablefish (Black Cod)","","Order direct","https://www.vitalchoice.com/product/wild-alaskan-sablefish","","","","","",""
"recAW2DN6OAnCatxo","seafood","Vital Choice Wild Alaskan Spot Prawns","","Vital Choice","https://www.vitalchoice.com/v/shellfish/shrimp-spot-prawns/FSP102","","","","","",""
"recgHf7Rjb5ofiMZd","seafood","Vital Choice Wild Coho Salmon Fillets","","Order direct","https://www.vitalchoice.com/product/wild-coho-salmon-fillets","","","","","",""
"recR02Uo2YqgyKVjI","seafood","Vital Choice Wild Dungeness Crab Meat","","Vital Choice","https://www.vitalchoice.com/v/shellfish/crab/FDC201","","","","","",""
"recmBkiZsIrdtFa4y","seafood","Vital Choice Wild King Salmon Fillets","","Order direct","https://www.vitalchoice.com/product/wild-king-salmon-fillets","","","","","",""
"recSbYirMFDCahb19","seafood","Vital Choice Wild Pacific Albacore Tuna","","Vital Choice","https://www.vitalchoice.com/products/wild-pacific-albacore-tuna-small-troll-caught","","","","","",""
"recLeGXIgLli41Cg3","seafood","Vital Choice Wild Pink Salmon (Canned)","","Vital Choice","https://www.vitalchoice.com/v/canned-pouched/canned-pouched-salmon/CSP106","","","","","",""
"recGB52rDI4NtTRSa","seafood","Vital Choice Wild Sockeye Salmon Fillets","","Order direct","https://www.vitalchoice.com/product/wild-sockeye-salmon-fillets","","","","","",""
"recrkz5eOKMA3lwRN","seafood","Vital Choice Wild Sockeye Salmon Roe (Ikura)","","Vital Choice","https://www.vitalchoice.com/v/wild-salmon/ikura-wild-salmon-caviar/FSE501","","","","","",""
"rec3g5Ujs2Nc6Rcy3","seafood","Wild Planet Wild Albacore Tuna","Wild Planet Foods","Producer direct","https://wildplanetfoods.com/collections/wild-planet-tuna","Walmart","https://www.walmart.com/brand/wildplanet/20014907","","","",""
"recaY7eZRbniTSBdh","seafood","Wild Planet Wild Pacific Mackerel","Wild Planet Foods","Producer direct","https://wildplanetfoods.com/collections/all","Walmart","https://www.walmart.com/brand/wildplanet/20014907","","","",""
"reciPjDeQuXGYqTG5","seafood","Wild Planet Wild Sardines in Extra Virgin Olive Oil","Wild Planet Foods","Producer direct","https://wildplanetfoods.com/collections/sardines","Walmart","https://www.walmart.com/brand/wildplanet/20014907","","","",""
"recOJxlxyqFDwyLA2","snacks","Barnana Organic Plantain Chips","","Order direct","https://barnana.com","","","","","",""
"recWasPoEiimeF0u3","snacks","Fly By Jing Sichuan Chili Crisp","","Order direct","https://flybyjing.com","","","","","",""
"recfCMc9OzD79JqPE","snacks","Hu Kitchen Almond Butter Dark Chocolate Bar","","Order direct","https://hukitchen.com","","","","","",""
"recvtR7VqhRlCKFG7","snacks","Hu Kitchen Simple Dark Chocolate Bar","","Order direct","https://hukitchen.com","","","","","",""
"recQTn5RGiOnvzWkX","snacks","Kate's Real Food Lemon Coconut Bar","","Order direct","https://katesrealfood.com","","","","","",""
"recl5oUPJ33Ma2gQN","snacks","LesserEvil Organic Himalayan Pink Salt Popcorn","","Order direct","https://lesserevil.com","","","","","",""
"recRZgKd5WUGY61cS","snacks","Navitas Organics Cacao Blueberry Power Snack","","Order direct","https://navitasorganics.com","","","","","",""
"receLyNI6uzW22P39","snacks","Primal Kitchen Dark Chocolate Almond Bar","","Order direct","https://www.primalkitchen.com","","","","","",""
"recpjTfHDrHrSNHaM","snacks","Siete Grain-Free Tortilla Chips","","Order direct","https://sietefoods.com","","","","","",""
"recb9WoJ8ItuL9eZg","snacks","Simple Mills Almond Flour Crackers","","Order direct","https://simplemills.com","","","","","",""