Brand,PUG Aisle(s),Status
(P)RiND,Puffs+Crunch,pending
1906,Non-Alc,pending
2Betties,Sweets+Treats,pending
3 Farm Daughters,Pantry,pending
34 Degrees,Puffs+Crunch,pending
4th & Heart,Pantry,pending
A Dozen Cousins,Pantry,pending
ABC+,Pantry,pending
Acid League,Pantry,pending
Aeira,Pantry,pending
AL's,Non-Alc,pending
Algae Cooking Club,Pantry,pending
All The Bitter,Non-Alc,pending
Amazi,Bites+Chews,pending
Aplos,Non-Alc,pending
Auntie Rana's,Pantry,pending
Avo Crazy,Puffs+Crunch,pending
AYOBA,Puffs+Crunch,pending
Ayoh Foods,Pantry,pending
aziz,Breakfast-ish,pending
B-SIDES,Puffs+Crunch,pending
B.T.R. Bar,Bites+Chews,pending
Bachan's,Saucy+Spicy,pending
Bada Bean Bada Boom,Puffs+Crunch,pending
Bahamii,Bites+Chews,pending
Baja Vida,Bites+Chews,pending
Bake Away,Sweets+Treats,pending
Bake Dreams,Breakfast-ish,pending
Bake Me Healthy,Sweets+Treats,pending
BamJam,Pantry,pending
Bangkok Bites,Bites+Chews,pending
Banza,Pantry,pending
Baobab Superfruit Bites,Bites+Chews,pending
Barbari,Non-Alc,pending
Bashi,Non-Alc,pending
Basic Honey Co.,Pantry,pending
Batch,Pantry,pending
Batta,Sweets+Treats,pending
Beckon,Sweets+Treats,pending
Beefy's Own,Puffs+Crunch,pending
Beekeeper's Naturals,Pantry,pending
BEHAVE,Sweets+Treats,pending
beituti,Saucy+Spicy,pending
Bellemille,Pantry,pending
BelliWelli,Breakfast-ish,pending
Belly,Sweets+Treats,pending
BENI BITES,Puffs+Crunch,pending
Benny,Non-Alc,pending
BERO,Non-Alc,pending
Best Day Brewing,Non-Alc,pending
BETR CBD,Bites+Chews,pending
Better Sour,Sweets+Treats,pending
Betty Buzz,Non-Alc,pending
Biena,Puffs+Crunch,pending
Bish,Bites+Chews,pending
Blake's Seed Based,Sweets+Treats,pending
Blender Bombs,Bites+Chews,pending
Blobs,Sweets+Treats,pending
Blue Hour,Breakfast-ish,pending
Blue Stripes,Sweets+Treats,pending
Bocado Flavor Co,Saucy+Spicy,pending
Bokksu,Sweets+Treats,pending
BOMBOM,Pantry,pending
Bonbuz,Non-Alc,pending
Boss Cow,"Pantry, Sweets+Treats",pending
Bottle Rocket,Saucy+Spicy,pending
Bowlcut,Pantry,pending
BRANCHE,Pantry,pending
Brass Roots,Puffs+Crunch,pending
Brave,Saucy+Spicy,pending
Breakin Snacks,Bites+Chews,pending
Brightland,Pantry,pending
BRISCA,Pantry,pending
Broma,Saucy+Spicy,pending
Brooklyn Delhi,Pantry,pending
Bumbleberry Farms,Pantry,pending
BUNKY,Puffs+Crunch,pending
But Better,Bites+Chews,pending
Byte Bars,Bites+Chews,pending
Byte'm,Sweets+Treats,pending
Cabi,Pantry,pending
Caboodle Snacks,Bites+Chews,pending
Cactus Crunch,Puffs+Crunch,pending
CAFF,Bites+Chews,pending
Caff Off,Pantry,pending
Candid,Sweets+Treats,pending
CanDo,Bites+Chews,pending
Cann,Non-Alc,pending
Capsco,Non-Alc,pending
Carbone Fine Food,Saucy+Spicy,pending
Carolyn's Krisps,Puffs+Crunch,pending
Casa Picosa,Saucy+Spicy,pending
Catalina Crunch,"Breakfast-ish, Puffs+Crunch, Sweets+Treats",pending
CauliPuffs,Puffs+Crunch,pending
Chamberlain Coffee,Pantry,pending
Cheerie Lane Popcorn,Puffs+Crunch,pending
Chef Poppin,Puffs+Crunch,pending
Chew Foods,Sweets+Treats,pending
Chewsy,Bites+Chews,pending
Chili Nut Crunch,Pantry,pending
Chirps Chips,Puffs+Crunch,pending
Cho's Bakeshop,Sweets+Treats,pending
Chocxo,Sweets+Treats,pending
ChocZero,Sweets+Treats,pending
CHOMPS,Bites+Chews,pending
Chosen Foods,Pantry,pending
Christie's,Puffs+Crunch,pending
CHUM,Bites+Chews,pending
CHUZA,Bites+Chews,pending
Ciao Pappy,Saucy+Spicy,pending
Clebby's,"Non-Alc, Sweets+Treats",pending
Climate Candy,Sweets+Treats,pending
CNDY,Sweets+Treats,pending
Cob,Puffs+Crunch,pending
Cocobox,Pantry,pending
Cocomo,Pantry,pending
Codex,Sweets+Treats,pending
Confusion Snacks,Puffs+Crunch,pending
Coracao Chocolate,Sweets+Treats,pending
CORE Foods,Puffs+Crunch,pending
Couplet Coffee,Breakfast-ish,pending
Craize,Puffs+Crunch,pending
Cravings by Chrissy Teigen,Sweets+Treats,pending
Creature Matcha,Pantry,pending
Croots,Puffs+Crunch,pending
Curious Elixirs,Non-Alc,pending
CurryCups,Pantry,pending
Cybele's,Pantry,pending
D'vash Organics,Saucy+Spicy,pending
Daily Crunch Snacks,Puffs+Crunch,pending
Dandies,Sweets+Treats,pending
Date Better,Sweets+Treats,pending
Date Smarter!,Sweets+Treats,pending
David Protein,Bites+Chews,pending
Dawnbreaker,Breakfast-ish,pending
Day Out Snacks,Bites+Chews,pending
Daybreak Seaweed Co.,Pantry,pending
De Soi,Non-Alc,pending
DEFI Snacks,Sweets+Treats,pending
Deliciously Ella,Bites+Chews,pending
Desert Dust,Pantry,pending
Diaspora Co.,Pantry,pending
DINO BARS,Bites+Chews,pending
Dirtbag Bar,Sweets+Treats,pending
DIRTY GUT,Sweets+Treats,pending
DOCTOR STOLBERG,Pantry,pending
donutful,Sweets+Treats,pending
doosra,Puffs+Crunch,pending
Dr. Smood,Bites+Chews,pending
Dream Pops,Sweets+Treats,pending
Drizzi,Pantry,pending
Droosh,Pantry,pending
Dumpling Daughter,Saucy+Spicy,pending
dun,Non-Alc,pending
Earth & Star,Bites+Chews,pending
Eat Senza,Pantry,pending
edggies veggies,Pantry,pending
Effie's Homemade,Puffs+Crunch,pending
ELAVI,Breakfast-ish,pending
Eleni's New York,Sweets+Treats,pending
Eleven Madison Home,Pantry,pending
Ella's Flats,Puffs+Crunch,pending
Eltee's Goods,Pantry,pending
Endure Sport Nutrition,Bites+Chews,pending
Enso Chips,Puffs+Crunch,pending
Equip Foods,Bites+Chews,pending
Eureka Tortilla,Pantry,pending
Every Body Eat,Puffs+Crunch,pending
EVERYDAZE,Sweets+Treats,pending
Evie's Snacks,Puffs+Crunch,pending
Evo Hemp,Bites+Chews,pending
EVOLVED,Sweets+Treats,pending
Fabalish,Pantry,pending
Fadwa Masala,Pantry,pending
Fake Drinks Club,Non-Alc,pending
Fancypants Baking Co.,Sweets+Treats,pending
Farmer Foodie,Pantry,pending
FaroMia Foods,Saucy+Spicy,pending
FATSO,Saucy+Spicy,pending
FAUXMOSA,Non-Alc,pending
Favour,Bites+Chews,pending
Fearless Keto,Sweets+Treats,pending
Felicia,Pantry,pending
Fever-Tree,Non-Alc,pending
FFups,Puffs+Crunch,pending
Fichi,Bites+Chews,pending
Fields Good,Sweets+Treats,pending
Figa Foods,Sweets+Treats,pending
Figlia,Non-Alc,pending
Figure Ate,Bites+Chews,pending
Fiome,Bites+Chews,pending
Fishwife,Pantry,pending
FitJoy,Puffs+Crunch,pending
Fix & Fogg,Pantry,pending
Flings,Breakfast-ish,pending
Flock,Puffs+Crunch,pending
Flor De Chile,Pantry,pending
Floura,Bites+Chews,pending
Flowerhead Tea,Pantry,pending
Fly By Jing,Pantry,pending
Folds,Puffs+Crunch,pending
Food Should Taste Good,Puffs+Crunch,pending
For Bitter For Worse,Non-Alc,pending
For Good Granola,Breakfast-ish,pending
Forchewn,Pantry,pending
Frankie's Fabulous Granola,Breakfast-ish,pending
Frankly Good Coffee,Pantry,pending
FREE AF,Non-Alc,pending
French Squirrel,Pantry,pending
FUJI Bar,Bites+Chews,pending
Funny Farm,Pantry,pending
Gaia Foods,Bites+Chews,pending
Gamsa Foods,Breakfast-ish,pending
Garden Based,Pantry,pending
Gato,Sweets+Treats,pending
Gay Awakening Coffee,Pantry,pending
Geem,Puffs+Crunch,pending
Get Golden,Bites+Chews,pending
Get Supr,Breakfast-ish,pending
Ghia,Non-Alc,pending
Ghips,Puffs+Crunch,pending
GIGANTIC!,Sweets+Treats,pending
Girl Meets Dirt,Saucy+Spicy,pending
Globowl,Pantry,pending
Go a Little Nuts,Bites+Chews,pending
Gobbi,Pantry,pending
Gochiso,Puffs+Crunch,pending
GOOD GOOD,Sweets+Treats,pending
GOOD GREED,Sweets+Treats,pending
Good Twin,Non-Alc,pending
GoodSam,Sweets+Treats,pending
Gourmend,Pantry,pending
Gratisfied,Breakfast-ish,pending
Greens Gone Wild,Bites+Chews,pending
Groovy Coffee,Pantry,pending
Ground Up PDX,Pantry,pending
grounds,Pantry,pending
Growee Foods,Saucy+Spicy,pending
Grumpy Ginger,Pantry,pending
Gruvi,Non-Alc,pending
Gwell,Bites+Chews,pending
Happy Candy,Sweets+Treats,pending
Harken Sweets,Sweets+Treats,pending
Harry's Famous Sauce,Pantry,pending
Haus of Biscotti,Sweets+Treats,pending
Haven's Kitchen,"Pantry, Saucy+Spicy",pending
Hawa Matcha,Pantry,pending
Hayati,Pantry,pending
Hazelicious,Breakfast-ish,pending
Hazlo,Non-Alc,pending
Hebel & Co,Sweets+Treats,pending
Heilala Vanilla,Pantry,pending
Heraclea,Pantry,pending
Herb & Olive,Pantry,pending
Herbs & Kettles,Pantry,pending
Hero Bread,Pantry,pending
HEY CHAMP,Sweets+Treats,pending
Heyday Canning Co.,Pantry,pending
High Mesa Chile Co.,Saucy+Spicy,pending
Hoboken Farms,Saucy+Spicy,pending
HOL Health Club,Bites+Chews,pending
Hola Mija,Puffs+Crunch,pending
Holy Tshili,Pantry,pending
Homemade ish,Sweets+Treats,pending
Homestead's Hot Sauce,Saucy+Spicy,pending
Homiah,Pantry,pending
Hope and Sesame,Breakfast-ish,pending
Hormbles Chormbles,Sweets+Treats,pending
Hot N Saucy,Pantry,pending
Hotgirlsauce,Pantry,pending
Hotpot Queen,Saucy+Spicy,pending
House of Yes,Bites+Chews,pending
Huckleberry,Breakfast-ish,pending
Hueza Bakery,Sweets+Treats,pending
Humble House,Bites+Chews,pending
Humble Nut Butter,Saucy+Spicy,pending
Hummii Snacks,Sweets+Treats,pending
HUNNYVERSE,Pantry,pending
Hustard,Pantry,pending
Huwa,Pantry,pending
Hyli Drops,Non-Alc,pending
iMind Brain Food,Bites+Chews,pending
immi,Pantry,pending
In Good Faith,Sweets+Treats,pending
Inspired Indian Cooking,Pantry,pending
Island Creek Oysters,Pantry,pending
Issei,Sweets+Treats,pending
JACK BEAR Honey,Saucy+Spicy,pending
Jackson's,Puffs+Crunch,pending
Jacob,Bites+Chews,pending
Jam Packd,Pantry,pending
Jamagansett,Pantry,pending
Jambee,Pantry,pending
Jamie's Farm,Breakfast-ish,pending
JAS,Non-Alc,pending
Jennie's House,Pantry,pending
Joey Nordic Seed Crisps,Puffs+Crunch,pending
Joolies,Sweets+Treats,pending
Joon Pistachios,Puffs+Crunch,pending
JOVA,Breakfast-ish,pending
Jovia,Pantry,pending
Jovial Foods,Pantry,pending
JOYA,Sweets+Treats,pending
Joydays,Sweets+Treats,pending
Jozo,Pantry,pending
Jubi,Non-Alc,pending
Junglee,Non-Alc,pending
Just Date,Sweets+Treats,pending
Just Enough Zero,Non-Alc,pending
JustNosh,Bites+Chews,pending
KA! Empathogenics,Bites+Chews,pending
Ka-Pop! Snacks,Puffs+Crunch,pending
Kahawa 1893 Coffee,Breakfast-ish,pending
Kailo Bar,Bites+Chews,pending
Kaizen Food Company,Pantry,pending
Kanira,Breakfast-ish,pending
KariKari,Pantry,pending
Karma Nuts,Bites+Chews,pending
Katjes,Sweets+Treats,pending
Kava Heaven,Non-Alc,pending
Keep Grazin,Puffs+Crunch,pending
Keeper Honey Co.,Pantry,pending
Kel's Kitchen Table,Breakfast-ish,pending
Kemushi,Saucy+Spicy,pending
kencko,Breakfast-ish,pending
Keya's Snacks,Puffs+Crunch,pending
KHLOUD,Puffs+Crunch,pending
Kibo Foods,Puffs+Crunch,pending
Killer Brownie,Sweets+Treats,pending
KimlyParc,Pantry,pending
Kit NA Brewing,Non-Alc,pending
Kittylamb,Sweets+Treats,pending
KiuKiu,Breakfast-ish,pending
KOBU,Breakfast-ish,pending
Kokada,Sweets+Treats,pending
Kolkata Chai Co.,Pantry,pending
Kooshy Croutons,Pantry,pending
Kosterina,Pantry,pending
Kuli Kuli,Sweets+Treats,pending
Kusi Foods,Pantry,pending
L'Isolina & Spaghetti Dust,Pantry,pending
La Saum,Non-Alc,pending
Lake & Oak Tea Co.,Pantry,pending
LASSO,Sweets+Treats,pending
LAV,Pantry,pending
Lazy Food Co,Pantry,pending
Leemu,Pantry,pending
Leichacha,Pantry,pending
Like Air,Puffs+Crunch,pending
Lil Bucks,Breakfast-ish,pending
Little Latke,Puffs+Crunch,pending
Little Rebels Kids,Pantry,pending
Little Spoon,Pantry,pending
Little Zing,Pantry,pending
Liv Gourmet Granola,Breakfast-ish,pending
Live Loud Foods,Bites+Chews,pending
LiveKuna,Pantry,pending
LIVING PRANA,Breakfast-ish,pending
LL's Kitchen,Breakfast-ish,pending
LOHSO,Pantry,pending
Loisa,Pantry,pending
LOKI,Non-Alc,pending
Long Weekend,Pantry,pending
Longbottom,Non-Alc,pending
Lorissa's Kitchen,Bites+Chews,pending
Louie Louie,Non-Alc,pending
Lovebird Cereal,Breakfast-ish,pending
Lucesca,Pantry,pending
Lupii,Bites+Chews,pending
maa·tay,Pantry,pending
Mae Coffee Roasters,Pantry,pending
Maeve,Sweets+Treats,pending
Magic Spoon,Breakfast-ish,pending
MAGICdATES,Bites+Chews,pending
Maja,Breakfast-ish,pending
Mala Tara,Pantry,pending
MALK Organics,Breakfast-ish,pending
Malu Coffee,Breakfast-ish,pending
Mama Teav's,Pantry,pending
Man Cereal,Breakfast-ish,pending
Manou,Bites+Chews,pending
Marianne's,Pantry,pending
Mary's Gone Crackers,Puffs+Crunch,pending
MASA Chips,Puffs+Crunch,pending
MASAH,Sweets+Treats,pending
Masala Gossip,Pantry,pending
Matcha DNA,Pantry,pending
Matchpoint,Pantry,pending
Matriark Foods,Pantry,pending
Maui Nui,Bites+Chews,pending
Maven,Pantry,pending
Maya Kaimal,Pantry,pending
Meggo Sweets,Sweets+Treats,pending
Mellody,Saucy+Spicy,pending
Melting Forest,Non-Alc,pending
merri matcha,Pantry,pending
Mez Foods,Sweets+Treats,pending
Michele's Granola,Breakfast-ish,pending
MIILS,Breakfast-ish,pending
Milk Bar,Sweets+Treats,pending
milkadamia,Breakfast-ish,pending
Miracle Mama,Sweets+Treats,pending
Misfits Market,Puffs+Crunch,pending
Mixiboy,Sweets+Treats,pending
Mixly,Non-Alc,pending
Mmmly,Sweets+Treats,pending
Mocktail Club,Non-Alc,pending
Moku,Bites+Chews,pending
MommaBear Organics,Sweets+Treats,pending
Monday,Non-Alc,pending
Monte's Fine Foods,Saucy+Spicy,pending
Moo'd Up,Breakfast-ish,pending
Moonshot,Puffs+Crunch,pending
More Than Matcha,Pantry,pending
Morning Made,Pantry,pending
MOSH,Bites+Chews,pending
Motif,Pantry,pending
Motiv Matcha,Pantry,pending
mowchin goods matcha,Pantry,pending
Mozaics,Puffs+Crunch,pending
Mugsy,Sweets+Treats,pending
Mumgry,Saucy+Spicy,pending
Munk Pack,Bites+Chews,pending
Must Love,Sweets+Treats,pending
Myna Snacks,Sweets+Treats,pending
NA Beverage Co.,Non-Alc,pending
NAMS,Puffs+Crunch,pending
Nan's Original Recipes,Pantry,pending
Nantucket Crisps,Puffs+Crunch,pending
Natural Heaven,Pantry,pending
Nature's Element,Breakfast-ish,pending
Nebula Snacks,Sweets+Treats,pending
Neolea,Pantry,pending
New York Shuk,Pantry,pending
Nice Cans,Pantry,pending
Niramaya Foods,Saucy+Spicy,pending
No Alcohol Company,Non-Alc,pending
NON,Non-Alc,pending
Nonna's Olive Oil,Pantry,pending
Noodo,Pantry,pending
NOOISH,Pantry,pending
Nooly,Pantry,pending
NoonBrew,Non-Alc,pending
Noot,Non-Alc,pending
Nora,Puffs+Crunch,pending
Noshi,Saucy+Spicy,pending
Nostimo Olive Oil,Pantry,pending
not just co.,Pantry,pending
Nowadays,Non-Alc,pending
Nucolato,Sweets+Treats,pending
NUDEGREENS,Pantry,pending
Oats in Coats,Breakfast-ish,pending
OCA Foods,Puffs+Crunch,pending
OffLimits,Breakfast-ish,pending
OH MY GUM!,Sweets+Treats,pending
Oh-Mazing Granola,Breakfast-ish,pending
Ohhts! Overnight Oatmeal,Breakfast-ish,pending
Ojaswe Co.,Breakfast-ish,pending
Okina,Sweets+Treats,pending
Ollin,Sweets+Treats,pending
Olyra Foods,Breakfast-ish,pending
Omsom,Saucy+Spicy,pending
One Trick Pony,Pantry,pending
ONO,Breakfast-ish,pending
ONOIN,Pantry,pending
Onyx Coffee Lab,Breakfast-ish,pending
Oobli,Sweets+Treats,pending
Oodaalolly,Sweets+Treats,pending
OOSO Sparkling Tea,Non-Alc,pending
Opopop,Puffs+Crunch,pending
Oracle,Pantry,pending
OSIA,Non-Alc,pending
Osmo Salt,Pantry,pending
Oso Snacks,Bites+Chews,pending
Oswald Co,Saucy+Spicy,pending
Otamot,Saucy+Spicy,pending
Otherworld,Breakfast-ish,pending
Otto's,Pantry,pending
Outstanding Foods,Puffs+Crunch,pending
OverEasy,Bites+Chews,pending
Pan's,Bites+Chews,pending
Papa's Pops,Puffs+Crunch,pending
Paradise Squared,Sweets+Treats,pending
PARCH,Non-Alc,pending
Pari,Non-Alc,pending
Paro,Puffs+Crunch,pending
Partake Foods,Sweets+Treats,pending
Party Of,Puffs+Crunch,pending
Pass the Honey,Sweets+Treats,pending
Pastabilities,Pantry,pending
Pastacraft,Pantry,pending
Patagonia Provisions,Pantry,pending
PeaKaPop,Puffs+Crunch,pending
Pearl Honey Spreads,Pantry,pending
Pecana,Breakfast-ish,pending
Peepal People,Pantry,pending
PERC Coffee,Pantry,pending
Pesche,Non-Alc,pending
Phasey,Sweets+Treats,pending
Phoenicia Diner,Breakfast-ish,pending
pi00a,Pantry,pending
Pikora,Pantry,pending
Pili Hunters,Saucy+Spicy,pending
Pinch,Pantry,pending
Pineapple Collaborative,Pantry,pending
Pink Panda,Sweets+Treats,pending
Pink Salt,Saucy+Spicy,pending
Pipcorn,Puffs+Crunch,pending
Pisqueya,Pantry,pending
Pistakio,Pantry,pending
Pixsea,Puffs+Crunch,pending
pnuff,Puffs+Crunch,pending
Poi Dog,Saucy+Spicy,pending
Pop Zero,Puffs+Crunch,pending
Popadelics,Puffs+Crunch,pending
Popcorn for the People,Puffs+Crunch,pending
Poppy Handcrafted Popcorn,Puffs+Crunch,pending
Potli,Pantry,pending
Potluck,Saucy+Spicy,pending
Power Up Foods,Bites+Chews,pending
Prest,Pantry,pending
PRETZELIZED,Puffs+Crunch,pending
PREVAIL,Bites+Chews,pending
PRIMA,Bites+Chews,pending
Primis Imports,Pantry,pending
Proposition Cocktail Co,Non-Alc,pending
Puffworks,Puffs+Crunch,pending
Pulp Pantry,Puffs+Crunch,pending
Pulpito Fruit Bites,Bites+Chews,pending
PUR Spices Limited,Pantry,pending
Purely Pecans,Saucy+Spicy,pending
Purposefuel,Bites+Chews,pending
pwrfuel,Bites+Chews,pending
Quincy,Non-Alc,pending
R.E.D.D.,Bites+Chews,pending
Raaka,Sweets+Treats,pending
Racha Organics,Pantry,pending
Ramp Up,Saucy+Spicy,pending
Rare Breed Coffee,Pantry,pending
Real Food From The Ground Up,Puffs+Crunch,pending
RECIPE 33,Bites+Chews,pending
Red Clay,Pantry,pending
Redbloom,Saucy+Spicy,pending
Reform Botanicals,Non-Alc,pending
Reframe Cannabis Spirit,Non-Alc,pending
Renewal Mill,Sweets+Treats,pending
Resist Nutrition,Bites+Chews,pending
Rested Rituals,Non-Alc,pending
Revival Food Co.,Pantry,pending
REWINE,Non-Alc,pending
Rhus,Pantry,pending
RightRice,Pantry,pending
RIND Snacks,"Bites+Chews, Puffs+Crunch",pending
RISE Brewing Co.,Breakfast-ish,pending
Rise With Apollo,Pantry,pending
Rishi Tea & Botanicals,Pantry,pending
Ritual Zero Proof,Non-Alc,pending
Rivalz Snacks,Puffs+Crunch,pending
RIVR,Non-Alc,pending
Rogue Jerky,Bites+Chews,pending
root foods,Puffs+Crunch,pending
Rootless,Bites+Chews,pending
Roots In Rice,Sweets+Treats,pending
Rotten,Sweets+Treats,pending
Rowdy,Bites+Chews,pending
Rowe's Macaroons,Sweets+Treats,pending
RSRV Collective,Non-Alc,pending
Rubirosa,Pantry,pending
S'NOODS,Puffs+Crunch,pending
Sababa Foods,Saucy+Spicy,pending
Sakhar Jams,Pantry,pending
Salad Sprinkles,Pantry,pending
SANS Meal Bar,Bites+Chews,pending
Santa Gula,Bites+Chews,pending
Santana Snacks,Puffs+Crunch,pending
Sarilla,Non-Alc,pending
Satya,Pantry,pending
Sauce Baby,Pantry,pending
Sauce Revival,Pantry,pending
Sauz,Pantry,pending
Savannah Bee Company,"Pantry, Sweets+Treats",pending
SayGhee,Pantry,pending
SAYSO,Non-Alc,pending
Scout,Pantry,pending
Scout Mustard,Saucy+Spicy,pending
seasn,Non-Alc,pending
Seed to Surf,Pantry,pending
Seedible,Pantry,pending
SEEDLY,Sweets+Treats,pending
SENOR MANGO,Bites+Chews,pending
Seven Sundays,Breakfast-ish,pending
SHAMAN RAMAN,Pantry,pending
She's The Sauce,Pantry,pending
Shinzo Matcha,Pantry,pending
Shooka Sauce,Saucy+Spicy,pending
Siesta Co,Pantry,pending
Simple Mills,Puffs+Crunch,pending
Simple Trail,Breakfast-ish,pending
Simrancooks,Saucy+Spicy,pending
Sip Solo,Pantry,pending
SipClean,Non-Alc,pending
SIPPL Mixology,Non-Alc,pending
Sky High Farm Goods,Pantry,pending
Slingshot Coffee Co.,Breakfast-ish,pending
Smart Sweets,Sweets+Treats,pending
SMPL,Bites+Chews,pending
SNACKLINS,Puffs+Crunch,pending
Society De La Rassi,Non-Alc,pending
SoCo Seeds of Collaboration,Pantry,pending
Solely,Bites+Chews,pending
Somos,"Pantry, Puffs+Crunch",pending
Soul,Bites+Chews,pending
Soul Chai,Pantry,pending
Spicewell,Pantry,pending
Spicy Goddess Blends,Pantry,pending
Spicy Virgin,Saucy+Spicy,pending
Sprinkle Bites,Pantry,pending
Spudsy,Puffs+Crunch,pending
Stellar Eats,Breakfast-ish,pending
Stellar Granola,Breakfast-ish,pending
Stellar Snacks,Puffs+Crunch,pending
Stesh Butter,Pantry,pending
Sticky Fingers,Sweets+Treats,pending
Strange Syrups,Pantry,pending
Strip Jerky,Bites+Chews,pending
Stryve,Bites+Chews,pending
Stuzzi Hot Sauce,Pantry,pending
Suckerz,Sweets+Treats,pending
Sunday Night Foods,Sweets+Treats,pending
Sunny Fine Foods,Saucy+Spicy,pending
superfun!,Pantry,pending
Supergut,Bites+Chews,pending
SuperMajor Snacks,Sweets+Treats,pending
Supernatural,Sweets+Treats,pending
Supernola,Breakfast-ish,pending
Superspoon,Pantry,pending
Surely,Non-Alc,pending
SVRY Nutrition,Bites+Chews,pending
Sweet Addison's,Sweets+Treats,pending
Sweet Amsterdam,Sweets+Treats,pending
Sweet Deliverance,Breakfast-ish,pending
Sweet Stash,Sweets+Treats,pending
Sweeter Collective,Sweets+Treats,pending
Taim Olive,Pantry,pending
Takeaways,Bites+Chews,pending
Tandy,Sweets+Treats,pending
Tantos!,Puffs+Crunch,pending
Tari Peruvian Hot Sauce,Pantry,pending
TAVI Chocolates,Sweets+Treats,pending
Tazzy Candy,Sweets+Treats,pending
TBD,Non-Alc,pending
tbh,Pantry,pending
TCHO Chocolate,Sweets+Treats,pending
tealish,Pantry,pending
Tempo Granola,Breakfast-ish,pending
Tenneyson,Non-Alc,pending
Terranean Herbs & Spices,"Pantry, Puffs+Crunch",pending
Thanks Danks,Bites+Chews,pending
The After Bar,Bites+Chews,pending
The Cocktail Box Co,Non-Alc,pending
The Conscious Bar,Sweets+Treats,pending
The Forward Bar,Bites+Chews,pending
The Good Ritual,Breakfast-ish,pending
The Hampton Grocer,Breakfast-ish,pending
The Matzo Project,Puffs+Crunch,pending
The New Primal,Bites+Chews,pending
The Outgoing Co,Non-Alc,pending
The Pink Cookie,Sweets+Treats,pending
The Real Cereal Company,Breakfast-ish,pending
The Salted Roots,Pantry,pending
The Vurger Co,Pantry,pending
The Yes Bar,Bites+Chews,pending
Theo's Plant Based,Bites+Chews,pending
This Little Goat,Saucy+Spicy,pending
Three Spirit,Non-Alc,pending
Tidbits,Sweets+Treats,pending
Tidetreats,Sweets+Treats,pending
Tierra Negra,Pantry,pending
Tilden,Non-Alc,pending
Ting A Ling,Saucy+Spicy,pending
Tiny Fish Co.,Pantry,pending
Tom's Perfect 10,Breakfast-ish,pending
Tomato Bliss,Pantry,pending
Toodaloo,Breakfast-ish,pending
TOST,Non-Alc,pending
Tower Treats,Sweets+Treats,pending
Transcendence Coffee,Pantry,pending
troop,Bites+Chews,pending
TruBar,Bites+Chews,pending
True Scoops,Sweets+Treats,pending
TRUFF,Pantry,pending
Truly Nuts,Bites+Chews,pending
Tsubi Soup,Pantry,pending
Tuck Shop,Sweets+Treats,pending
Tursh,Pantry,pending
Unbothered Foods,Puffs+Crunch,pending
Unhinged,Bites+Chews,pending
UNION Snacks,Bites+Chews,pending
UNiTE,Bites+Chews,pending
Vaca Chips,Puffs+Crunch,pending
Vacadillos,Bites+Chews,pending
Van Van,Pantry,pending
Veggie Vice,Puffs+Crunch,pending
Veggiecraft,Pantry,pending
VEGOBEARS,Sweets+Treats,pending
Vibes Snacks,Sweets+Treats,pending
VICTORY DANCE FOODS,Breakfast-ish,pending
Villbrygg,Non-Alc,pending
Visitor,Non-Alc,pending
Vital Leaf,Sweets+Treats,pending
VYBE Snacks,Bites+Chews,pending
WA-CHAA!,Puffs+Crunch,pending
Wanna Date?,Saucy+Spicy,pending
WAVA Water,Non-Alc,pending
Wavy Daze,Non-Alc,pending
We Just Bee,Pantry,pending
Weekday Vibes,Non-Alc,pending
Wei Good Food,Saucy+Spicy,pending
Whims,Sweets+Treats,pending
Whoa Dough,Sweets+Treats,pending
WholeMe,Breakfast-ish,pending
Why Bars,Bites+Chews,pending
Wild Joy Goods,Bites+Chews,pending
Wilde Chips,Puffs+Crunch,pending
Wilder Condiments,Saucy+Spicy,pending
Wildway,Bites+Chews,pending
Wims!,Non-Alc,pending
WonderPop,Puffs+Crunch,pending
WOW Seaweed,Puffs+Crunch,pending
Wynk Seltzer,Non-Alc,pending
Ya Albi,Pantry,pending
YAX,Puffs+Crunch,pending
Yellowbird Hot Sauce,Pantry,pending
Yeri Coffee,Pantry,pending
Yo Amma,Pantry,pending
Yo Mama's Foods,"Pantry, Saucy+Spicy",pending
YOGA POPS,Puffs+Crunch,pending
Yolele,Pantry,pending
You Need This,Puffs+Crunch,pending
Your Pasta,Pantry,pending
Yujo Matcha,Bites+Chews,pending
YUMI,Bites+Chews,pending
Yumkies,Sweets+Treats,pending
Yummate,Puffs+Crunch,pending
Zab's,Saucy+Spicy,pending
Zac's Sweet Shop,Sweets+Treats,pending
Zack's Mighty,Puffs+Crunch,pending
ZAZ,Sweets+Treats,pending
Zesty Z,Puffs+Crunch,pending
Ziba Foods,Puffs+Crunch,pending
ZORA,Sweets+Treats,pending
